comment_id,score,keyword
4187307097323005,2.85,想买
4187318908780240,2.54,求
4187777077431030,1.06,买
4187320683525086,0.42,
4187438102364374,-1.89,莆田
4188798760235307,1.09,允
4187320275451008,0.85,南京
4187290664787358,1.92,私信
4187391592397083,3.91,拼图
4187329206386035,1.26,拼
4187374818579722,3.25,想
4187346310012961,1.91,想
4187346897645952,1.26,求
4187889753901784,3.34,知道
4187306782798166,0.21,柳州
4187316136280559,-1.18,莆田
4187418682974484,2.83,沈阳滴
4187411489074577,1.31,西大
4187363858919526,1.05,陕西
4187373119989257,0.0,允
4187400693251072,3.75,大家
4187380124630495,0.17,我我我
4187870434572643,0.0,贵港
4187701974751239,1.08,憧憬
4187370209529147,1.06,宁波
4187414522178192,-3.11,福州
4187307072109931,1.88,柳州
4187312307185216,0.97,台州
4187316060942069,0.17,莆田
4187358100230222,2.18,拼
4187341679808107,2.13,懂
4187350034815372,1.21,
4187384751441091,3.9,好久啊
4187374805669973,1.59,笑
4187309324432613,0.34,人
4187559355056136,1.4,岳阳
4187397014632886,1.73,拼
4187299187379661,3.35,想买
4187314752539950,1.46,修容
4187341427736402,3.01,污
4187368783248175,1.71,无锡
4187360143487681,1.12,
4187438807711762,1.13,台州
4195462963323481,1.84,拼单
4187439868215751,1.77,还差
4187369319992647,0.0,图
4187349183770489,0.35,天津
4187293948408335,2.14,带
4187350811079944,3.92,加
4187336634164208,1.97,好美呀
4187363338616148,0.49,
4187329042318227,2.0,
4187328865856502,0.35,群
4187316464035667,1.37,求
4187551608519575,1.71,济南
4195470856780037,1.79,完
4187325099902766,3.57,想
4187818521046755,2.44,求
4187436248735513,1.85,娥
4187359089531252,1.1,这里这里
4187369043229105,2.56,求
4187302874416631,0.0,图
4187345387414375,1.23,想买
4187576653345493,2.45,想
4187682390769773,1.78,老家
4187388295381004,1.51,一小
4187338688538221,2.68,长沙
4187590607108316,1.02,成都
4187388332780062,1.9,一起
4188081118707807,0.97,济南
4187888474685519,3.36,拼
4187457312367202,1.2,拼图
4187374739380528,3.85,群
4187341364950782,2.37,拼单
4187310516369974,3.2,发
4187507656437985,1.56,广州
4187378463345960,0.43,
4187323740010387,1.35,
4187490670101189,0.52,后天
4187738859300176,3.95,求
4187489759094757,3.87,啥时候上
4187358498985039,1.47,香港
4187349015256423,0.6,加
4187341508031458,1.04,懂
4187402648140892,1.67,广州
4187774657437225,2.98,买
4187317717359306,1.42,笑
4187336604756520,2.32,黄人
4187370636467121,1.31,拼单
4187422583599260,1.45,这里
4187309118906639,1.93,拼
4187341528091154,1.47,成都
4187529479207826,1.96,呜啊
4187361443807820,2.21,拼单
4187465415461932,1.93,带
4187333815095408,4.06,贼
4187376005229324,1.64,拉
4187361741626003,1.2,寄
4187472999004931,3.98,终于
4187561872178076,1.96,长沙
4187336382108255,0.0,福州
4187461238319173,1.71,拼单
4187318648866126,1.96,用户
4187682252636547,1.71,难道
4187325300298987,0.31,
4187369919960762,3.83,寄
4187534940058269,2.14,想
4187354815789905,1.37,来来来
4187359211500035,0.41,广州
4187440405488387,-3.47,莆田
4187388009301323,2.28,邮费
4187403935736421,0.08,南宁
4187320784099805,3.26,天津
4187313783660791,0.0,想要
4187395685407590,0.0,允
4187318774576858,0.17,读书
4187449104289117,1.13,私信
4187400106287378,1.64,寄
4188160118175077,1.27,桂林
4187397115865953,3.9,加
4187336415724882,1.38,保定
4187538882608185,2.7,拼
4187493857108958,1.18,求
4187347119260102,3.81,成都
4187299484597407,3.75,渐
4187311309188031,2.99,拼
4187578426974460,4.72,喜欢
4196231334746371,1.31,买
4187358712384579,1.05,允
4187345656261274,2.53,花钱
4187348499254591,3.36,私
4187297454911927,1.29,小伙伴
4188081203062982,1.72,济南
4187334175923158,1.8,带
4187700091609315,3.07,快来
4187503927705037,1.26,举手
4187404275501326,1.11,有
4187780714467705,1.03,我我我
4187357954007774,1.32,广州
4187584860810274,3.31,求
4187524911708916,1.12,拼法
4187512924424328,1.54,知道
4187302383065955,1.73,邮费
4187320347289480,1.92,七色
4187316161481888,0.0,快
4187597091284859,3.18,想
4187353179962014,3.41,朋友
4187346176282879,0.0,允
4187351049714965,0.73,
4187411322050595,1.26,私
4188542810664585,1.86,七龙珠
4187348415120820,1.6,这里
4187323673315599,3.74,加
4187337661573580,1.08,举手
4187333861534251,2.75,带
4187338831357937,1.03,图
4187327108310987,1.39,有
4188983166972084,1.71,求
4187390719907044,1.33,无锡
4187334154456480,2.64,举手
4187347114907826,3.49,加
4187307357597264,2.22,拼
4187384448499018,3.25,之前
4187304224290679,1.75,求
4187315049517865,0.76,无锡
4187682567605123,2.16,巧
4195460614651310,2.22,买
4187541173955620,1.55,河南省
4187807193234235,1.21,成都
4187318375634400,1.61,买
4195390020746755,-3.15,广州
4187381374706565,1.24,同济
4187407940964256,3.43,私信
4187397815913003,2.14,珠海
4187418992963584,3.48,求
4187381786153645,1.35,现在
4187670235783937,2.23,胶
4187379982019511,1.1,私信
4187759121680562,3.79,七龙珠
4187393580200459,3.18,开心
4187410827333532,0.34,
4187861978393201,0.21,这里
4187150393758208,0.57,特价
4207279546747880,0.47,肇庆
4187388647160078,1.44,台州
4187310767362745,2.3,再
4187336613157838,3.54,七龙珠
4187348532876396,1.84,我我我我
4187340073168706,3.98,想要
4187315691512881,1.01,无锡
4187326412650249,1.74,我
4187291603317640,0.83,我我我
4187493270260481,1.55,合肥
4187348097466104,1.32,私
4187346242894569,1.2,威海
4187427955941559,0.98,想
4187485166186756,3.63,拼
4187323748400737,2.02,淄博
4187373782586471,1.36,买
4187706701691933,1.83,求
4187411355370621,1.89,加
4187411481793203,3.17,求
4187424269382081,1.69,坐等
4187153334154681,1.33,
4187352069339280,1.88,陕西
4187335669772785,1.92,成都
4187559258947725,1.8,好么
4187332417970100,0.62,青岛
4187354615414295,0.12,"我我我,我要"
4187416040838976,1.25,我我
4187297723043506,3.1,哈哈哈可以的
4188737451779709,0.0,完了
4187346410503099,2.35,容易
4187757062589497,1.92,西安
4187782664177130,-0.79,泉州
4187547590506825,1.42,污
4187711289625966,3.07,群
4187682437990839,3.96,拼
4187308649444869,1.97,可以呀
4187356447146855,1.23,抢救
4187455768352953,1.7,有
4187342170602114,3.55,选
4187508143208705,1.16,南京
4187703094731280,3.44,拼
4187381768464023,3.56,邯郸
4187339682509381,0.84,天津
4126223778881913,1.29,
4125348058557089,0.53,很棒
4125195301847063,1.22,好好看
4125215774781536,0.5,谦虚
4125184837136950,1.94,调调
4129097712459718,1.01,语气
4125342056610041,1.41,喜乐
4125207713281521,1.29,太
4125187878293932,1.82,简洁
4125361870498734,1.32,江边
4125200808886822,1.75,吃
4125208124022459,2.24,"二哈,二哈"
4125198024150585,2.89,可爱
4125191187562974,0.42,需要
4128043850850949,2.58,"二哈,二哈"
4125184857769483,1.61,"二哈,二哈,二哈"
4125882350566740,0.43,
4125199085058268,3.78,漂亮
4125192642824320,2.98,拍
4125187005995513,1.13,凉爽
4125196116095993,3.63,好棒
4125186992969873,2.29,喵喵
4125184593872224,3.3,挤眼
4125197063651450,1.28,爱
4125392148864727,1.92,
4125341712276332,2.62,色
4125189472569253,2.54,挤眼
4125189250002475,1.62,
4125200594915814,1.44,移动
4125462706133763,1.51,旅行者
4125189099163558,1.99,发
4125185428360098,3.78,漂亮
4125186376425385,3.08,能力
4125191455723589,0.0,可能
4125196904764648,3.3,芋头
4125195851993692,3.18,开心
4125207872087767,1.74,
4125185180826574,1.64,么么哒
4125195054947806,1.52,美美
4125195315106104,3.83,也挺
4125215921483585,2.0,回复
4125219285702524,1.86,
4188914878525724,1.83,秋咪
4188161096046250,3.78,训练
4188196437389181,1.94,
4188617825561254,3.9,小动作
4188599114612613,2.07,布朗尼
4126314346996485,1.23,
4126826231696086,1.54,哈哈哈哈
4126185120415720,1.13,
4126224605273763,2.9,送
4126185107285719,3.97,蛋白
4126251327549460,1.51,尬
4126185569077427,2.64,笑
4126192666234786,2.27,台湾人
4126193546582390,1.69,大家
4126197313042526,1.52,带
4126261418658163,0.0,傻子
4126188739796547,1.16,脑子
4126282528433807,2.48,好迷
4126191634549877,3.56,尴尬
4126187502955391,1.47,田螺
4126185917151644,2.5,袁卷卷
4126462837485541,1.19,大海
4126190921192118,1.93,笑
4126187746089073,0.0,允
4126186277508704,0.0,允
4126316439334110,2.89,珍妮
4126217084766520,3.56,有点
4126208377477103,1.45,买不到
4126209518821893,2.58,板蓝根
4126193550782873,3.99,看见
4126228250480841,2.64,前
4126184293997973,1.78,是是是
4126186227364129,1.27,尴尬
4126189473428019,-1.32,黑
4126189088451217,3.72,微笑
4126195359117780,1.52,厉害
4126205068459146,3.21,送
4126212118286807,0.03,钻石
4126196578877649,1.26,尴尬
4126195404062511,1.25,
4126186994663516,1.57,
4126215272690059,3.83,黑黑
4126276161328770,3.78,摄影
4126221598345441,1.77,
4126184968948812,0.0,骨气
4126184667067922,1.46,这是啥
4126200064642802,0.06,为了什么
4126192846065782,1.2,台湾人
4126205755675781,0.32,故意
4126245484196887,3.09,笑
4126292566326607,0.25,视频
4126190031869067,1.52,吃
4126184389907585,1.04,脑子
4126397457133777,1.11,最后
4126192954899173,2.54,电脑
4126188554687118,2.31,蘑菇
4126187389376950,3.33,品德
4126185308397081,1.8,乡民
4126210227457477,1.85,口
4126192229416940,-2.34,悲伤
4126202236860162,3.38,尽早
4126550796477774,2.44,台湾人
4126302040945921,0.45,台湾人
4126225646105658,3.6,看得
4126226055999041,1.08,斯基
4126387524695338,2.33,恩
4126186571516255,-1.82,眼泪
4126240795276166,1.54,
4126400733204843,3.59,笑
4126288929446117,0.0,小孩子
4126293366857171,2.53,台湾人
4126294830426317,3.15,威为维
4126186835316998,1.77,東西
4126200677157564,0.83,
4126189276792254,1.45,
4126205382681380,1.86,台湾人
4126204916893028,3.56,看得
4126255936852097,1.09,弹幕
4126185534942027,1.99,认识
4126223460150945,2.25,厉害
4126223506061408,1.25,台湾人
4126206327236550,0.44,丽丽
4126206775844553,1.43,韩露
4126188806397923,1.61,有钱
4126271941936373,1.15,苹果
4126188416510068,2.96,记得
4126257593727850,-0.17,黑
4188154061950277,3.76,没
4126221455367461,0.65,
4126200949929314,2.85,发售
4126212789856159,0.0,厌倦
4126212160515989,1.92,
4126201193047531,1.85,帅
4126204560298732,0.38,好看
4126278926082424,1.05,好看
4126236827493729,1.17,
4125404912162846,0.0,链接
4127276196809270,0.0,图
4125382716389619,0.0,图
4125369810959398,1.8,一价
4136049187989101,2.69,博文
4125854818620820,3.76,服帖
4126987050797153,1.66,地狱
4127609253626089,2.53,抽
4135603676947354,0.23,洗脸
4126891864750361,0.37,可爱
4135617212055672,3.4,洗脸
4126172952246757,2.18,发现
4125916185569480,3.66,不会
4135605811968952,1.84,
4136086135241653,3.34,遮瑕
4127354487949066,0.79,转发
4135719896716702,3.13,买
4127634864809261,2.76,黑头
4137425418478598,2.47,皮肤
4125191719978572,3.94,底妆
4126812021465763,1.46,班主任
4150467413614993,1.1,狗头
4141153756706311,1.59,
4135707137558690,-3.38,骂
4126197589989690,1.65,遮瑕
4134889169126674,3.46,模特
4133887116647702,0.98,哇
4135597587342126,1.6,二哈
4126592806180004,1.28,买
4138771085299667,3.44,不会
4131959498471891,3.65,情况
4127627142803564,0.7,空调
4128395908144858,3.14,闭口
4127150414183383,1.66,转发
4125826217823381,3.62,遮瑕
4127711641188221,2.5,允
4135714193577450,0.48,挖
4150468277738540,3.61,阿豆
4125932471580145,1.18,
4135652654005831,1.18,想买
4143599971008287,2.61,求问
4125948649795424,1.98,
4127238208828440,2.3,打圈
4134872873700081,2.67,效果
4133557477345903,1.78,真实
4126656798776019,1.05,靚靚
4125925925068409,1.39,色
4134903962506625,4.72,私信
4126492470102068,1.92,在
4133902295539567,1.36,配图
4140297103382103,0.49,哇我看了好久
4131958675736325,3.97,马儿
4179206197472658,3.33,很酷
4125897277653772,1.77,
4126508962036064,3.09,好转
4134879001908055,0.51,检查
4135636723726240,0.88,圆
4134890608371387,1.15,菲菲
4128438619327389,1.19,子
4127626919960268,1.55,粉霜
4135262998497391,3.43,中药
4127484314430729,-0.69,费解
4167851571118409,1.8,深海
4134077201930312,3.66,神仙
4128257806596578,1.99,
4137771393926054,3.8,不得不
4135594663660968,0.12,
4126639975487514,1.6,初识
4135594122368869,1.85,
4135639102831569,1.16,帅
4128460357766242,3.44,时间
4129183829223392,3.95,转发
4127627059381921,2.75,安利
4132070692777435,1.2,化妆
4134879350310042,1.44,麻烦
4127024753254417,1.3,
4127264235205613,2.29,厚
4127945854864615,1.54,
4127587091388872,3.94,脸
4136323969189498,0.03,更
4135594239487025,2.83,皮肤
4128331538010487,2.81,毛孔
4135621138101098,0.87,
4129708575033484,0.53,烂
4135702658525031,2.19,只想
4148336347141773,3.13,晴
4128362475515677,2.73,黑眼圈
4126664307499527,1.85,妈呀
4128326844659544,3.73,恶心
4126819751734166,3.11,糟践
4135624669436746,3.91,审美
4134890729957671,3.5,划
4129163335763814,3.01,爱
4125820219883800,3.05,两把刷子
4137439150362418,3.22,爱
4125807586378213,3.28,过敏
4134601695560286,2.03,厉害
4282115640267225,0.74,哈哈
4127230756402123,1.67,
4135882418592422,2.84,状态
4135661214601021,3.56,烂
4126141226920864,1.67,
4125877493678663,2.99,贱
4135333328647102,0.04,
4134237664186729,2.81,啊啊啊
4126126936885242,1.18,好
4125813647337387,1.73,学学
4126873723742217,3.51,色
4135627178191909,2.96,皮肤
4135707826680357,3.07,爱
4125965103736700,4.32,补水
4134496440018243,2.58,腐
4150466448766205,2.19,认识
4135697214358639,3.73,堪称
4126185875155704,1.37,皮肤
4127611141432456,3.39,厉害
4126261519212918,1.59,不会
4135594080357580,3.66,瑕盘
4135713039632473,1.7,
4135722644492249,3.3,喜欢
4125957726463977,0.66,抱抱
4130313456760099,0.5,不起作用
4128139158762713,1.91,烂
4135620589252631,3.36,烂
4134885902065490,4.19,超级
4135932187816015,0.93,路子
4125952152250255,3.84,过分
4138938022500950,0.45,野澈
4126569230410032,3.18,谢谢
4125888909529178,1.38,邓
4135649231286544,3.44,太
4135705602712649,1.44,陈奕迅
4134878473140962,1.18,怎么好的
4125871784324399,3.47,小米
4135003220807596,1.92,天亮
4128062775496589,0.0,过敏
4127282488868882,1.46,好不好
4134924137638831,0.64,过敏
4125928210059422,-2.36,走开
4135576372613262,4.3,脸
4126506441365441,2.13,化妆
4126190816138422,1.96,重要性
4134014337854522,2.42,容易
4135983555539547,0.54,挖
4125206739565744,1.05,化
4147557414447533,1.05,皮肤
4128333669182208,2.28,黄色
4135590028894326,1.82,底妆
4125897504451586,0.17,喜欢
4140785089888235,3.6,穆如姜
4138226341744158,0.0,色
4125186435861203,3.09,烂
4134864393246702,3.81,用点
4135558814628950,0.35,鼻子
4125840465308654,3.05,转发
4126266241809820,1.89,鼻子
4135548698942698,1.26,
4126909178572445,3.81,涂
4125871411673749,1.75,需要
4135598438424727,-4.46,恶意
4126112303053732,0.66,嗯可以哦
4127745614896333,-2.8,狂热
4125886817665703,2.5,粉丝
4125856647538039,2.8,马骝
4128326492261914,2.5,身体
4128327457311452,3.85,黄色
4126416625410566,1.28,"噢耶,噢耶"
4126155579793392,1.23,蓝色
4125966013719912,3.08,香料
4135194661746830,3.68,浪费
4125849877572268,1.07,
4134884869649017,1.17,痘痘
4126837333868985,3.34,我日
4137138192897036,3.7,求
4134890767768766,1.48,逆天
4136316889814936,1.39,玉泽
4127647414418696,1.44,喜欢
4133902047670227,3.89,药水
4125888055078740,1.77,粉丝
4126622015256982,3.1,良心
4179021463900071,1.25,弗利特
4126115901387304,0.54,厉害
4126620329033695,1.27,
4135596634657525,1.21,"哈哈,哈哈,哈哈,哈哈"
4127689550107057,0.55,爱
4132099537877928,1.01,男生
4125919118071371,2.55,憧憬
4130496793995754,1.9,
4137693102938663,1.03,需要
4126129281250045,3.23,转发
4126460874774841,3.98,评论
4125888776298630,3.43,客服
4126828383219752,1.01,
4127153559342645,1.72,防晒
4126614566975585,0.18,
4139497346705430,1.81,转发
4144401540917979,1.81,正家
4126263767441970,4.72,可爱
4127626987083460,1.99,凉快
4135565655685747,1.24,电视
4127345952992069,3.4,马蹄声
4126901330766277,1.89,美丽
4136787116722746,1.78,
4134882285724398,4.07,黑头
4135652331769831,3.92,后悔
4149975425938120,1.18,肌肤
4135701207219347,2.58,石头
4125852620520111,0.73,全
4137440895629720,1.18,油皮
4136866208750017,1.38,
4150451907729074,3.0,就医
4125836565314766,1.57,
4128330921801456,2.26,舒服
4135391873812728,1.71,瑕盘
4127732872542871,1.01,
4127720386538069,1.43,
4125863877966244,0.08,店铺
4135263175086043,1.93,允
4125822820951293,3.99,精牌
4127153161586277,0.14,嗒嗒
4128332120861422,2.28,额头
4150566559476266,2.34,肉眼
4126173493347799,1.31,
4135678587101802,1.66,
4135662435208676,1.46,想要
4125826880020503,1.03,需要
4135655607504742,1.71,
4135609058506485,1.81,戚薇
4128112847747664,3.81,感觉
4137523368459001,1.6,广州
4132335471691845,4.0,实际
4135964093677800,0.0,嗒嗒
4150467048921739,0.06,带有
4135688930484852,2.81,化妆品
4144753543588593,1.2,
4127153409062274,1.14,正品
4127627616353649,1.14,摊手
4131215513124869,1.85,
4125916076350161,1.02,怕
4134890544578985,3.63,梦想
4177013281200901,2.57,盐
4126636364171083,3.33,岳鹏
4135656660340420,2.37,淘宝
4135547511448561,2.78,污
4127152620317790,0.0,嗒嗒
4127735297455250,3.7,妆
4129408531064276,2.41,捉到
4125927472273981,0.0,迷信
4126509554159863,3.83,皮肤
4135552729122481,3.04,莱昂纳多
4133890925341267,1.84,花
4127619207281925,1.96,帅
4128404057543109,2.65,信号
4135952115011610,1.18,花花
4126486820871701,1.04,过敏
4135842412400911,4.72,恶心
4127153123680614,1.2,哈哈哈哈
4150466386492758,3.37,语气
4134562722333319,3.26,粉底
4135584894854933,2.05,怕
4134480358958034,3.0,扑
4134901680385312,-1.46,可怕
4143674785253701,3.78,变成
4135590528110471,1.07,答应
4126504147287871,1.42,视频
4126228359034098,2.81,皮肤过敏
4126644573251338,2.22,种草
4134436238532465,3.24,锅包肉
4131958696658897,2.12,回去
4132806327601002,1.06,痘痘
4126613958580330,1.97,赵梓良
4125874049943627,3.66,博主
4136135552464211,3.09,评论
4134579566242555,2.56,佳
4126560753549622,3.73,遮瑕
4126228414247969,1.12,
4137047003779911,1.92,香水
4131204880589798,1.89,
4128330086766920,4.05,化妆品
4135884338934270,0.01,散粉
4126148201606486,2.33,爱
4125890868158207,1.53,都会
4126880267041081,1.57,厉害
4136085712409202,0.73,点点
4126180237734276,1.37,
4135728215058467,1.17,店铺
4127668636638050,1.2,学会
4126569406312242,1.1,客气
4132018570485472,1.65,系
4129002807439694,1.93,米妮
4127691186348167,3.51,班主任
4127020332329887,1.57,
4150461021786605,3.86,角质
4127728078443950,2.46,地方
4125905498899513,1.76,"二哈,二哈"
4126150181012425,1.61,保湿
4145460715355312,1.58,烂
4135526195380517,0.15,不识
4154171270298148,1.25,笑
4128739783275067,1.97,大航
4127001181116685,2.67,化妆
4130413582132519,1.38,私信
4125822165783821,1.14,很弱
4135593270977420,2.43,男生
4125932799378935,3.77,芋头
4127627066790723,1.32,凉快
4134880302954638,0.48,出汗
4131215604395908,1.44,哆
4127388709368991,1.21,面试
4135630897913585,3.66,优越感
4127380958663241,1.92,抱抱
4128327037379759,3.95,黄色
4135585155139367,4.78,时候
4134640530937625,1.3,心
4134889118676779,2.31,乳
4127626245582383,3.33,能养
4135665983939534,2.81,紫蒙
4127660483411513,1.52,好厉害
4135627400151574,1.84,
4136322664900265,3.16,以后
4135666025069496,1.66,好呀
4135946767288647,1.51,粉
4134048295523751,0.02,没有
4135717564985811,1.54,防晒
4126298626263748,2.21,需要
4129098097859644,2.06,厉害
4125954048139166,1.18,就行了
4144933532732336,1.03,班主任
4126131285918454,3.17,爱
4125814775769484,3.03,肯定
4134880629175385,1.88,出油
4137523884711573,1.16,喵喵
4135593828625103,2.16,破皮
4132342089540241,2.65,王岳鹏
4136060281676121,4.32,严重
4126566663891027,2.71,满
4134873750479692,3.54,医院
4135602998432844,1.12,加油
4130198729531580,1.86,班主任
4127626064410197,2.12,粉霜
4136322106517937,3.12,脸
4178645432434328,0.34,超棒
4137525595402611,2.33,笑
4128657162759216,2.35,修复
4125826821405128,1.9,笑
4126835971736659,0.89,班主任
4127588534729524,1.52,"就是因为,才,的"
4125916411739556,2.04,上面
4125915510562322,1.71,太
4135595859137736,3.8,抓狂
4136429125261625,1.01,良心
4127152968697512,1.58,妆
4126507385883145,1.85,
4126287473319667,2.76,心
4158110547816771,1.8,琪琪
4135686116439640,2.17,林禧大
4136108532598076,0.72,遮瑕
4126968523313326,1.6,
4136066564728905,1.54,
4137771122058349,2.24,谢谢
4126922068072038,3.46,走
4126650042381362,3.05,心
4131959704106300,1.51,怼
4137519425375498,1.84,
4126109098908865,3.56,爱
4130093465242599,2.27,防晒
4127018294049535,1.65,棒棒
4126189994313845,1.29,
4135868111844172,2.75,赞
4134224862652667,1.05,江湖
4135638393149708,0.73,何用
4150453736312845,3.33,话题
4127681806920711,2.06,码
4138176442492689,1.04,睨
4135594504915824,1.57,骷髏
4127728112710603,1.79,薄荷绿
4136971473529018,2.88,楠
4128331936541424,2.28,黄色
4134815311200114,1.66,
4135526292628455,1.72,改名字
4145141876854260,1.33,白宇赤
4125813949790235,3.86,摊
4142074872346001,0.0,眼睛
4127645614616244,1.65,陳
4126534065270385,2.78,使用
4127654694971775,0.81,
4135598807580467,1.84,孙慧娟
4136488469868909,2.86,方式
4126904434767401,1.42,宁死不屈
4146830511785283,0.34,
4127493906956327,0.05,堪比
4127645077408296,1.61,超级
4150454025895655,3.43,不信
4135927305459946,0.35,笑
4125863177877316,0.01,转发
4150451018277406,1.21,皮肤
4126216015418147,3.18,偷笑
4188794850818805,1.2,两双
4188304381409249,0.16,
4188195010358960,2.11,买到
4188178455404278,2.28,说
4188795148805331,1.28,码
4188185246324374,1.83,
4188192670256971,2.09,一眼
4188187104277531,3.08,发售
4188172328213443,1.21,买到
4188245300111821,1.64,需要
4188795068373224,3.04,码
4188794955485745,3.88,码
4188170624830370,1.99,
4126234910398504,3.67,很酷
4126232469210890,3.33,努力
4126310991168815,2.73,写
4127159435647993,1.59,
4126473449020476,0.96,嗯嗯
4126320626217262,1.16,是不是
4126201201450989,4.72,喜欢
4126307086891764,2.44,努力
4126473809345038,1.47,
4126219585069870,1.25,不错
4126320093060495,2.67,易燃
4126310508549017,1.13,哈哈
4126240090156684,0.76,真好
4126584535675325,0.8,
4126218565933129,2.93,面罩
4139279154289829,3.67,卢雨潇
4126217555147072,1.18,好的
4126217046958480,4.48,成绩
4126459443935824,1.5,记录
4126234969214183,2.81,活出
4126232226571803,1.17,曲
4126472648053293,2.99,做
4126498073916255,2.52,无与伦比
4126230648749259,1.9,
4130766062894060,2.41,舔
4126554680108365,2.49,成
4126440515872437,1.28,包
4126263293399793,0.98,讧
4126215269070064,1.12,烟火
4126473936198996,3.95,转发
4126221849808409,3.69,总会
4126231626866466,1.56,
4126219827865068,1.64,下辈子
4126418667474831,1.24,
4126312040315038,2.07,冰炎
4126478905817133,4.37,长大
4126220977325916,3.15,有点
4126460573265147,1.67,依然
4126275771494771,1.31,微笑
4126327864915404,2.88,沿途
4126457582357274,1.53,成绩
4126273683322699,1.89,情深
4126512426567727,1.17,媒体
4126237276018976,2.64,广告
4126228246276199,4.5,喜欢
4126235372363641,4.72,喜欢
4126467019382757,3.73,及时行乐
4126309841879218,1.07,旅游
4126266683285429,3.82,喜欢
4126478579528776,4.72,成
4126466742309163,3.78,觉得
4162766685775339,1.56,眼睛
4126219362520727,1.92,想想
4128103640826841,3.94,撒
4132807532257804,0.74,真的
4126460153865918,3.67,独自
4126457201055878,1.62,
4126505070687676,1.34,
4126477044173548,3.32,孩子
4126426779609196,3.2,生活
4126464376587912,1.74,
4126220880470016,3.89,现实
4126203352616543,3.93,样子
4126458765114926,2.28,哇噻
4126469040672759,2.81,我也是诶
4126258725484529,1.16,孩子
4126627606858681,1.63,视频
4127008574832838,2.17,摊
4126316645068092,1.97,成绩
4129820965169949,1.51,样子
4126206225595204,3.91,转发
4126218758377398,0.33,王几
4126681691721026,1.08,所谓
4126461600259737,2.63,成
4126317929090648,0.34,
4126230112436586,1.02,学
4126468520687543,2.83,悠闲地
4126225410189739,1.24,喜欢
4129711820844953,2.91,成
4126209392592478,2.02,嘿嘿
4126804849961052,1.23,帅
4126229038297494,1.62,感兴趣
4126466872935773,1.05,想要
4126244297728347,2.33,大概
4126210071950780,3.78,乐意
4126571843423182,0.61,变成
4126459075323870,1.83,要求
4126463034162486,1.42,正确
4126505678137927,1.85,
4126364619617434,-2.5,不是吧
4126331996771501,1.41,做
4126474283649900,2.3,经验
4137056147812568,2.68,成为
4126225435883001,2.18,以后
4126848365052146,3.27,生活
4126320529677430,1.33,
4126574288407024,1.33,手工
4126323469325363,3.33,颜值
4126318281112813,0.71,
4126215877212043,0.93,唉
4126306516146538,4.72,成
4126296428768420,1.91,
4126468554876269,1.08,成
4126400766537127,2.44,帐
4126466574344121,1.27,时间
4126570186319497,3.12,寻找
4126276334045856,1.57,看上去
4126467513945078,1.8,褪去
4126453211361287,0.22,温饱
4126228950286514,1.75,
4126325901950140,3.3,学会
4126486820868630,1.5,琉小沫
4126473407574191,4.72,喜欢
4126203541738243,1.77,
4126239284933397,1.94,爱
4126539215554734,2.74,广告
4126271195471795,2.27,成
4126227398793998,0.27,污
4126205286060496,1.12,
4126472715703754,1.05,
4126208452690661,0.69,无事
4126462975430486,0.7,
4126233681917479,3.19,"哈喽,这里"
4126471137595890,1.32,反面教材
4126307195475050,1.34,自闭症
4126458630348950,0.7,
4126305571834202,1.96,黑线
4129011741137020,1.43,看过
4127003969812845,1.3,
4126229399481034,1.14,说
4126204539322485,1.67,
4130073264932248,-1.73,委屈
4126469129111403,3.08,真棒
4126232696439293,3.18,头像
4126700939567054,2.24,评论
4126307220666447,0.98,不错
4126310848164131,3.09,过去
4126469606639792,1.86,
4126958436513453,2.93,仔细
4126462770552950,2.86,真棒
4126237796960630,2.83,下去
4126202308455188,3.55,理念
4127013944066584,3.66,广告
4126226727236406,1.42,想
4126284898317348,1.51,可爱
4126276111710364,1.92,爽
4126247485911056,3.66,开心
4126598967939825,1.18,做
4126311511536236,3.42,爱
4126329370413621,0.92,接地气
4126458849385870,2.05,先
4126318293705841,1.27,心理
4126228950986779,1.04,不想
4126235070335469,1.1,飞机
4126316624383530,1.31,广告
4126213721506335,1.17,羡慕
4126637450334797,1.39,偷笑
4126210336957958,3.8,广告
4126460153221787,3.84,其实
4126237104966329,4.72,做
4130275045194052,3.78,意义
4126226996223187,1.25,
4126230594209664,1.42,
4126236638671254,-2.5,可惜
4126933513765933,3.33,实现
4126476997307303,1.33,
4131563962471303,4.75,成
4126202156971447,1.43,
4126295677725463,2.69,帐
4126230918179581,0.89,
4126501848843714,1.16,摊
4126226828136871,2.44,读书
4126846285678318,1.64,做
4126223665972009,4.72,喜欢
4126500057590389,3.89,想要
4126559524829568,1.57,
4126473142706063,1.32,
4126477815588295,1.07,转发
4126206892525598,1.64,
4126237108261482,3.84,成
4126275553237735,3.16,凳子
4126470366231919,4.46,长大
4126309368649546,1.64,做
4126470005176782,-3.25,抽风
4126225997264389,1.24,
4126499097541606,1.62,"哈哈,哈哈,哈哈"
4126230414867705,1.31,里面
4126222415726896,3.46,妈
4126227885705340,2.41,姑娘
4126496290784030,1.72,道理
4126462141181274,1.38,加油
4126233614680945,1.18,做
4126407296250082,3.26,没
4126204673568527,3.88,战士
4137100209103188,4.0,唠叨
4126327835220016,0.78,
4126241538313477,2.85,结尾
4126223645360986,3.78,厌恶
4126327327563464,0.21,广告
4126231332572471,0.42,哦那
4126462204163294,2.88,画画
4126468839196239,1.77,
4126293308450483,3.93,共鸣
4126438695102301,1.82,
4126217248340458,3.27,用户
4126320663401528,0.27,京
4126233924697393,1.73,孩子
4126595347786885,3.56,成
4126245778251998,2.67,抱歉
4129837561866621,2.64,说
4126228107523446,1.7,芒
4126206318025208,3.91,求
4126236021798067,1.71,成
4126477207554998,2.2,很好
4127205992551139,0.51,
4126319090315214,2.5,没有
4126207979118491,3.27,有点
4126542122192843,1.54,没问题
4126236198148383,2.35,广告
4126203663026525,1.6,活
4126213474106847,1.45,
4126467304239217,3.37,不必
4126222918709874,1.36,笑话
4130236520198509,2.66,芳
4126457943096862,1.2,想要
4126201323045072,4.72,成
